component,weighted_contribution,share_of_total
struct,0.3998144593022629,0.5084444043329357
content,0.2705142105614813,0.3440131627369291
typed,0.11601976055473565,0.1475424329301352
edge,0.0,0.0
