component,weighted_contribution,share_of_total
struct,0.3911290482000842,0.5907250662024043
content,0.2700936477577537,0.40792441442735466
typed,0.00089420169564492,0.0013505193702410207
edge,0.0,0.0
