component,weighted_contribution,share_of_total
struct,0.3972551087119883,0.5209220117693021
content,0.27223445620585535,0.3569819934083997
typed,0.09311040155836382,0.12209599482229821
edge,0.0,0.0
