component,weighted_contribution,share_of_total
struct,0.4,0.46082992435130526
content,0.2998010064703326,0.34539318783042133
typed,0.16760646524295178,0.19309518674674786
edge,0.00059171597633136,0.0006817010715255983
