{
  "S1S4_mean_offdiag": 0.945604,
  "S1S4_min_offdiag": 0.745752,
  "S1S4_max_offdiag": 1.0,
  "TOTAL_mean_offdiag": 0.806747,
  "TOTAL_min_offdiag": 0.569456,
  "TOTAL_max_offdiag": 0.941536
}